campaign_id,campaign_name,channel,campaign_type,start_date,end_date,budget_uzs,target_audience,objective,status
1,Horizontal tangible task-force 2020,Google Ads,Engagement,2025-10-12,2025-11-12,45865733.62,45-54,Sales,Completed
2,Synchronized tangible utilization 2024,Twitter,Engagement,2024-10-07,2024-10-28,85236649.93,18-24,App Downloads,Active
3,Robust 3rdgeneration migration 2021,LinkedIn,Conversion,2025-01-05,2025-06-13,97841850.88,35-44,Leads,Completed
4,Object-based context-sensitive approach 2020,Google Ads,Awareness,2025-07-02,2025-09-22,28252658.58,18-24,Sales,Cancelled
5,Distributed bandwidth-monitored complexity 2024,Facebook Ads,Awareness,2024-02-13,2024-06-16,78901726.93,35-44,Brand Awareness,Completed
6,Right-sized motivating flexibility 2025,Google Ads,Awareness,2024-08-12,2024-08-31,87762254.44,35-44,Brand Awareness,Paused
7,Reduced analyzing contingency 2025,Twitter,Awareness,2025-07-16,2025-10-23,71802633.18,18-24,App Downloads,Cancelled
8,Grass-roots asynchronous model 2024,SMS,Conversion,2025-11-02,2026-04-28,73380706.56,55+,Brand Awareness,Active
9,Cross-platform regional knowledgebase 2024,Telegram,Awareness,2024-07-09,,11469849.06,18-24,Leads,Paused
10,Down-sized clear-thinking artificial intelligence 2022,Twitter,Engagement,2023-12-17,2024-04-18,84524799.87,45-54,Sales,Paused
11,Multi-layered upward-trending contingency 2020,YouTube,Conversion,2025-10-19,2026-03-22,40942780.99,55+,App Downloads,Cancelled
12,Innovative modular time-frame 2022,Facebook Ads,Conversion,2025-04-16,2025-06-10,70914861.58,18-24,Leads,Cancelled
13,Phased intangible portal 2021,TikTok,Engagement,2024-07-29,2024-11-12,23261531.48,45-54,Sales,Active
14,Synchronized upward-trending collaboration 2020,Telegram,Awareness,2024-01-29,2024-04-12,22742320.04,45-54,App Downloads,Active
15,Organic optimizing alliance 2020,TikTok,Awareness,2023-11-12,2024-03-04,20900454.6,45-54,Sales,Active
16,De-engineered user-facing adapter 2023,SMS,Traffic,2024-02-05,2024-06-29,57988980.48,25-34,Leads,Completed
17,Fundamental web-enabled standardization 2020,Email,Awareness,2025-07-19,2025-10-20,15079512.28,25-34,Sales,Paused
18,Cross-group transitional alliance 2023,Google Ads,Traffic,2025-04-18,2025-08-16,30603681.98,45-54,App Downloads,Completed
19,Ergonomic systemic orchestration 2025,Twitter,Engagement,2024-05-19,2024-10-05,81708114.59,18-24,Leads,Completed
20,Inverse hybrid hardware 2025,Google Ads,Awareness,2024-03-25,2024-09-11,70264895.41,25-34,Leads,Cancelled
21,Ergonomic tertiary support 2024,Twitter,Awareness,2025-03-14,2025-07-23,99805269.02,45-54,Brand Awareness,Active
22,Face-to-face grid-enabled core 2023,Email,Engagement,2025-10-27,,80630641.74,35-44,Brand Awareness,Completed
23,Face-to-face analyzing knowledgebase 2023,LinkedIn,Traffic,2024-01-20,2024-03-20,24426303.48,45-54,Leads,Completed
24,Quality-focused reciprocal migration 2023,Telegram,Traffic,2025-01-07,2025-01-26,94894797.49,35-44,Leads,Paused
25,Face-to-face clear-thinking knowledge user 2021,Telegram,Conversion,2024-03-03,2024-07-15,39455505.16,55+,Leads,Cancelled
26,Customer-focused tangible definition 2020,Twitter,Traffic,2024-12-28,,83492628.18,35-44,Brand Awareness,Active
27,Exclusive homogeneous interface 2024,YouTube,Awareness,2023-11-21,2024-03-19,63525366.56,55+,App Downloads,Completed
28,Customizable full-range functionalities 2020,,Engagement,2024-12-08,2025-01-03,29437155.3,25-34,App Downloads,Completed
29,Team-oriented dynamic customer loyalty 2025,YouTube,Engagement,2023-12-13,,19435092.59,18-24,Sales,Completed
30,Polarized tangible flexibility 2020,Twitter,Traffic,2024-10-28,2025-04-13,36284294.05,35-44,Sales,Completed
31,Digitized foreground definition 2020,Instagram,Conversion,2025-04-27,2025-06-24,61787058.63,25-34,Sales,Paused
32,Sharable coherent forecast 2020,Instagram,Traffic,2024-06-16,,61962602.32,55+,Leads,Completed
33,Organic fault-tolerant system engine 2023,Google Ads,Traffic,2025-07-20,2025-12-20,41627889.03,45-54,Brand Awareness,Completed
34,Up-sized intermediate model 2024,LinkedIn,Engagement,2024-04-15,2024-08-24,82656130.1,55+,Leads,Completed
35,Robust value-added algorithm 2024,Instagram,Awareness,2025-06-17,2025-10-20,11387860.46,18-24,Brand Awareness,Cancelled
36,Visionary solution-oriented emulation 2025,Twitter,Engagement,2025-10-31,2025-11-09,24938748.55,35-44,Sales,Completed
37,Function-based composite matrix 2021,Twitter,Awareness,2024-09-12,2025-01-07,4764995.44,18-24,Leads,Paused
38,Mandatory logistical intranet 2020,YouTube,Awareness,2024-11-09,2025-04-13,32758942.01,35-44,App Downloads,Completed
39,Inverse heuristic groupware 2023,Instagram,Awareness,2024-01-23,2024-02-14,2971746.07,35-44,Brand Awareness,Paused
40,Total local Graphic Interface 2024,SMS,Engagement,2025-07-14,2025-08-21,93996023.12,45-54,Brand Awareness,Paused
41,Front-line maximized contingency 2022,Facebook Ads,Conversion,2024-06-18,2024-10-09,33730157.14,55+,App Downloads,Completed
42,Front-line optimizing frame 2020,Twitter,Conversion,2025-10-04,2026-02-01,43030603.43,45-54,Leads,Completed
43,De-engineered zero tolerance collaboration 2024,Email,Engagement,2024-02-21,2024-03-25,96946401.9,35-44,Brand Awareness,Active
44,Fundamental modular info-mediaries 2024,LinkedIn,Engagement,2025-11-05,2026-04-30,79894470.03,45-54,App Downloads,Paused
45,User-friendly multimedia hierarchy 2020,Facebook Ads,Conversion,2024-01-25,2024-04-30,86010856.4,35-44,Leads,Completed
46,Integrated motivating system engine 2024,YouTube,Awareness,2024-01-19,2024-07-06,25733171.9,35-44,Brand Awareness,Completed
47,Business-focused homogeneous orchestration 2025,,Conversion,2025-02-14,,71413987.39,25-34,Sales,Completed
48,Quality-focused secondary benchmark 2025,Google Ads,Conversion,2025-03-18,,80109650.97,35-44,Brand Awareness,Active
49,Polarized asynchronous forecast 2023,Facebook Ads,Conversion,2025-03-12,,30634484.33,55+,Leads,Completed
50,Organized tangible array 2025,Instagram,Traffic,2024-10-26,2025-04-23,36586896.5,18-24,App Downloads,Completed
51,Multi-channeled 24hour artificial intelligence 2020,LinkedIn,Engagement,2024-07-09,2024-09-23,7058408.66,25-34,App Downloads,Completed
52,Cross-group next generation Graphic Interface 2025,Telegram,Traffic,2023-11-27,2024-04-30,2920035.16,25-34,Leads,Paused
53,Expanded fresh-thinking capability 2022,Twitter,Engagement,2024-10-15,2024-10-25,38757452.93,35-44,Leads,Completed
54,Sharable tangible artificial intelligence 2023,Twitter,Engagement,2025-08-25,2025-10-29,63314974.19,35-44,Leads,Completed
55,Seamless didactic encryption 2020,Instagram,Engagement,2025-05-30,2025-07-07,38349420.79,18-24,Brand Awareness,Cancelled
56,Customizable bandwidth-monitored framework 2021,YouTube,Awareness,2024-01-02,2024-03-30,91423446.06,18-24,Sales,Completed
57,Fundamental even-keeled infrastructure 2020,Google Ads,Awareness,2025-06-11,2025-11-10,43251909.55,35-44,Sales,Cancelled
58,Pre-emptive object-oriented installation 2021,Email,Awareness,2025-03-10,2025-05-14,33347895.28,45-54,App Downloads,Paused
59,Multi-layered optimizing support 2025,SMS,Traffic,2024-09-29,2024-10-29,44098298.76,35-44,Leads,Paused
60,Ameliorated multi-state collaboration 2022,LinkedIn,Awareness,2023-12-04,2024-05-24,61504151.26,18-24,Leads,Active
61,Visionary bifurcated archive 2022,LinkedIn,Conversion,2024-01-06,2024-06-13,51700059.9,18-24,Brand Awareness,Cancelled
62,Decentralized 3rdgeneration product 2021,TikTok,Awareness,2025-10-18,2026-02-05,33149628.94,45-54,App Downloads,Active
63,Focused modular task-force 2024,LinkedIn,Awareness,2024-05-05,2024-10-29,28949334.5,45-54,Brand Awareness,Active
64,Customer-focused hybrid array 2022,YouTube,Traffic,2023-11-18,2024-04-08,84931186.39,45-54,Sales,Completed
65,Streamlined bifurcated Internet solution 2022,SMS,Conversion,2025-03-22,2025-07-25,95230651.76,55+,Sales,Cancelled
66,User-centric stable benchmark 2021,Twitter,Engagement,2025-06-25,,57258839.91,18-24,Leads,Completed
67,Multi-channeled tangible paradigm 2023,YouTube,Engagement,2024-08-10,2024-09-24,15900181.44,55+,App Downloads,Completed
68,Quality-focused 3rdgeneration intranet 2020,Twitter,Traffic,2023-12-01,2023-12-31,18412088.16,35-44,Brand Awareness,Completed
69,Centralized 3rdgeneration interface 2023,Facebook Ads,Engagement,2024-05-13,2024-08-17,8150478.89,18-24,Sales,Paused
70,Assimilated heuristic knowledge user 2025,Telegram,Conversion,2023-12-04,2023-12-15,66696867.33,35-44,App Downloads,Cancelled
71,Innovative zero tolerance flexibility 2021,Instagram,Conversion,2024-01-09,2024-06-19,61481644.7,45-54,Leads,Completed
72,User-centric didactic moratorium 2022,Instagram,Engagement,2024-09-10,2024-11-19,80871777.44,55+,Leads,Completed
73,Re-contextualized local forecast 2023,Telegram,Engagement,2024-11-07,,31644753.14,45-54,Brand Awareness,Completed
74,Customer-focused leadingedge interface 2025,Facebook Ads,Engagement,2024-10-26,2024-12-22,93218819.53,25-34,App Downloads,Completed
75,Synchronized radical success 2020,Telegram,Traffic,2024-05-17,2024-07-07,3420034.25,18-24,Sales,Completed
76,Customer-focused foreground Graphic Interface 2025,Facebook Ads,Engagement,2024-01-29,2024-05-09,89389536.83,25-34,Leads,Completed
77,Versatile neutral matrices 2023,Email,Engagement,2025-06-01,2025-08-05,71718042.44,25-34,Brand Awareness,Completed
78,Vision-oriented impactful alliance 2021,Facebook Ads,Awareness,2025-02-14,2025-03-22,2064414.31,25-34,Leads,Paused
79,Down-sized explicit core 2022,Google Ads,Awareness,2025-07-30,2025-12-12,11791377.03,45-54,App Downloads,Completed
80,Distributed multi-state policy 2020,Email,Conversion,2025-09-13,2025-12-19,36883166.62,45-54,Sales,Completed
81,Future-proofed scalable encryption 2025,Google Ads,Engagement,2024-06-19,2024-11-01,91488737.52,35-44,App Downloads,Completed
82,Re-contextualized motivating conglomeration 2023,Twitter,Engagement,2024-06-22,2024-07-04,58691434.75,45-54,Sales,Active
83,Decentralized local synergy 2021,SMS,Conversion,2024-05-15,2024-09-29,87794086.01,35-44,Brand Awareness,Paused
84,Assimilated systemic website 2025,Instagram,Awareness,2024-05-23,2024-10-01,35359782.14,25-34,Leads,Paused
85,Re-engineered leadingedge middleware 2025,Facebook Ads,Awareness,2025-09-23,,15102726.55,35-44,Sales,Paused
86,Multi-tiered exuding moratorium 2022,Twitter,Conversion,2024-11-30,2025-01-02,83950367.15,55+,App Downloads,Completed
87,Versatile asymmetric hub 2022,Email,Awareness,2025-03-17,2025-06-29,15645693.65,18-24,Sales,Completed
88,Synchronized mission-critical parallelism 2020,Twitter,Awareness,2025-05-17,2025-06-16,62441044.31,18-24,Sales,Active
89,De-engineered mobile instruction set 2023,Email,Conversion,2024-07-22,2024-12-16,33163559.42,18-24,App Downloads,Paused
90,Object-based coherent product 2024,Twitter,Conversion,2025-01-18,2025-07-14,54927274.42,45-54,App Downloads,Active
91,Intuitive tangible paradigm 2022,Telegram,Conversion,2024-02-28,2024-08-14,40789890.04,45-54,Brand Awareness,Completed
92,Enterprise-wide secondary Graphical User Interface 2020,LinkedIn,Traffic,2025-04-24,,46202038.15,35-44,Sales,Completed
93,Triple-buffered scalable access 2024,Twitter,Engagement,2024-07-12,2024-10-11,54884287.85,35-44,Leads,Paused
94,Progressive cohesive encoding 2021,Telegram,Awareness,2024-09-19,2024-12-09,96895592.0,18-24,Leads,Completed
95,Managed discrete product 2020,YouTube,Traffic,2024-07-01,2024-12-23,2521219.08,18-24,Leads,Active
96,Configurable executive functionalities 2020,Facebook Ads,Conversion,2025-08-13,2025-12-21,42565900.72,25-34,Sales,Completed
97,Decentralized homogeneous analyzer 2020,Instagram,Conversion,2024-06-09,,28326119.58,18-24,Brand Awareness,Completed
98,Extended executive access 2022,Email,Traffic,2025-01-11,2025-02-24,68906092.91,45-54,Brand Awareness,Completed
99,User-centric object-oriented functionalities 2020,Telegram,Traffic,2023-12-04,,73668400.45,35-44,Brand Awareness,Active
100,Decentralized disintermediate service-desk 2021,Twitter,Conversion,2025-10-04,2026-01-15,84292545.09,55+,Brand Awareness,Active
101,Monitored attitude-oriented moderator 2023,Instagram,Traffic,2024-02-06,2024-06-17,80353085.85,35-44,Sales,Paused
102,Assimilated local attitude 2023,Email,Traffic,2024-07-06,2024-10-15,44534075.38,25-34,Brand Awareness,Paused
103,Secured intangible neural-net 2021,LinkedIn,Engagement,2025-03-05,2025-07-24,52640799.88,45-54,App Downloads,Completed
104,Optional fault-tolerant encoding 2023,Email,Engagement,2025-01-31,,1259096.45,35-44,Brand Awareness,Cancelled
105,Re-contextualized background system engine 2021,LinkedIn,Awareness,2024-04-10,2024-08-21,26275382.13,18-24,Leads,Paused
106,Implemented dedicated Internet solution 2023,LinkedIn,Traffic,2025-06-18,2025-10-25,82887368.59,18-24,App Downloads,Completed
107,User-centric upward-trending policy 2025,YouTube,Traffic,2025-08-26,2025-10-30,29384681.09,18-24,Sales,Active
108,Assimilated logistical encoding 2021,LinkedIn,Engagement,2024-12-20,,60844128.11,18-24,App Downloads,Active
109,Inverse composite matrices 2022,Google Ads,Traffic,2024-03-19,,29210168.94,35-44,Leads,Completed
110,Decentralized logistical utilization 2025,Twitter,Conversion,2024-09-08,,56612916.97,25-34,Brand Awareness,Paused
111,Realigned web-enabled productivity 2022,Facebook Ads,Awareness,2024-05-26,,45947497.69,35-44,Leads,Cancelled
112,Focused eco-centric info-mediaries 2020,YouTube,Conversion,2025-04-24,2025-07-19,85254462.04,35-44,Leads,Paused
113,Cross-platform global forecast 2024,Telegram,Conversion,2025-02-20,2025-06-28,58978704.11,55+,Sales,Active
114,Public-key well-modulated Local Area Network 2023,Twitter,Engagement,2024-11-15,2025-03-08,53645796.18,35-44,Brand Awareness,Completed
115,Re-contextualized cohesive software 2020,Instagram,Engagement,2024-12-18,2025-04-21,5242695.87,45-54,Sales,Completed
116,Assimilated non-volatile framework 2022,YouTube,Traffic,2025-03-25,2025-09-16,18926132.23,25-34,Brand Awareness,Paused
117,Multi-tiered didactic infrastructure 2022,Google Ads,Traffic,2024-11-10,2025-04-17,39530352.3,45-54,Sales,Completed
118,Distributed regional intranet 2020,Twitter,Engagement,2024-01-16,2024-02-06,21493746.66,18-24,Sales,Paused
119,Realigned empowering array 2022,Email,Engagement,2024-03-18,2024-08-18,93689919.79,25-34,App Downloads,Cancelled
120,Fundamental static matrix 2022,Twitter,Engagement,2024-11-21,2025-05-12,86698732.83,35-44,Brand Awareness,Active
121,Multi-layered 5thgeneration hardware 2021,Instagram,Traffic,2025-07-06,2025-09-03,94040295.31,55+,Brand Awareness,Completed
122,Innovative tangible artificial intelligence 2020,Telegram,Traffic,2024-05-22,2024-11-09,44250450.28,25-34,Brand Awareness,Completed
123,Switchable even-keeled support 2024,SMS,Conversion,2025-09-26,2026-01-28,68568513.78,35-44,Sales,Paused
124,Assimilated bottom-line data-warehouse 2023,Email,Awareness,2025-06-28,2025-10-09,85024650.09,25-34,Leads,Paused
125,Exclusive multi-state firmware 2024,Twitter,Engagement,2023-12-12,2024-01-21,14817347.03,18-24,Leads,Active
126,Proactive tangible adapter 2023,Email,Engagement,2025-06-22,2025-07-03,38750646.67,25-34,Brand Awareness,Completed
127,Grass-roots hybrid implementation 2022,Google Ads,Conversion,2023-12-05,,62720809.01,45-54,Leads,Completed
128,Organized empowering interface 2023,SMS,Traffic,2025-02-25,2025-08-12,53679520.27,25-34,Sales,Active
129,Centralized maximized instruction set 2020,YouTube,Conversion,2024-04-01,2024-06-06,64817614.72,25-34,Sales,Cancelled
130,Open-architected intermediate capability 2021,Google Ads,Awareness,2025-05-09,2025-09-05,39565116.16,45-54,Brand Awareness,Paused
131,Networked demand-driven conglomeration 2020,TikTok,Engagement,2024-04-28,2024-06-11,2531111.24,25-34,App Downloads,Completed
132,Multi-tiered well-modulated support 2025,YouTube,Conversion,2025-01-17,2025-05-10,85437922.47,35-44,App Downloads,Paused
133,Upgradable web-enabled superstructure 2025,Twitter,Awareness,2025-08-24,2025-10-11,63577614.46,45-54,Leads,Completed
134,User-centric transitional emulation 2023,YouTube,Traffic,2024-02-08,2024-06-23,96895993.36,45-54,Brand Awareness,Active
135,Balanced fault-tolerant implementation 2023,Twitter,Awareness,2024-04-24,2024-09-27,61590888.39,55+,App Downloads,Completed
136,Self-enabling even-keeled projection 2022,Email,Awareness,2025-06-01,2025-09-17,48606440.15,55+,Leads,Completed
137,Advanced encompassing leverage 2020,Instagram,Conversion,2023-11-18,2024-01-16,3894962.92,25-34,App Downloads,Completed
138,Reduced static data-warehouse 2022,SMS,Conversion,2024-06-28,2024-10-07,78451151.35,18-24,Brand Awareness,Active
139,Profit-focused 3rdgeneration middleware 2022,Email,Traffic,2025-04-12,2025-08-04,14244521.94,35-44,App Downloads,Completed
140,Profound homogeneous structure 2021,YouTube,Traffic,2024-06-19,2024-09-07,21402416.27,55+,Brand Awareness,Completed
141,User-friendly exuding challenge 2025,Google Ads,Engagement,2025-08-21,2026-01-27,93944621.32,35-44,Sales,Completed
142,Polarized intermediate budgetary management 2023,Instagram,Conversion,2025-04-20,2025-08-10,84936994.43,45-54,App Downloads,Completed
143,Synergistic clear-thinking matrix 2025,YouTube,Conversion,2024-05-18,2024-08-03,66898321.2,45-54,Leads,Completed
144,Versatile human-resource Internet solution 2024,LinkedIn,Traffic,2024-06-13,2024-11-11,36061343.01,18-24,Brand Awareness,Completed
145,Streamlined upward-trending success 2021,Telegram,Awareness,2025-01-09,2025-03-12,12146445.31,18-24,Sales,Completed
146,Re-engineered optimizing approach 2024,YouTube,Engagement,2023-11-11,2023-11-29,12734154.72,45-54,App Downloads,Completed
147,Proactive grid-enabled product 2024,Instagram,Awareness,2024-04-16,2024-08-02,20027307.73,35-44,Brand Awareness,Active
148,Intuitive attitude-oriented software 2021,Instagram,Awareness,2025-04-13,2025-07-28,25991637.49,45-54,Leads,Cancelled
149,Pre-emptive grid-enabled infrastructure 2024,Instagram,Awareness,2025-06-04,2025-09-10,91568224.91,55+,Brand Awareness,Active
150,Virtual uniform software 2022,SMS,Engagement,2025-07-15,2025-09-02,99897966.98,55+,App Downloads,Cancelled
151,Advanced bandwidth-monitored circuit 2021,Telegram,Traffic,2024-12-29,2025-04-28,1222762.39,35-44,App Downloads,Completed
152,Versatile background focus group 2020,Twitter,Awareness,2025-04-16,2025-07-30,66921074.29,45-54,Leads,Paused
153,Self-enabling tangible benchmark 2025,Telegram,Traffic,2025-08-05,2025-08-30,95239978.81,35-44,Brand Awareness,Cancelled
154,Re-contextualized dedicated frame 2021,LinkedIn,Engagement,2024-07-16,2024-09-20,37391132.7,18-24,Sales,Cancelled
155,Profound asymmetric policy 2025,Telegram,Engagement,2024-08-14,2024-12-28,5509314.49,55+,Leads,Completed
156,Ameliorated object-oriented website 2024,Telegram,Engagement,2024-09-27,,81766987.45,25-34,Leads,Paused
157,Reverse-engineered attitude-oriented moderator 2023,Email,Traffic,2024-10-11,2024-11-26,67583874.29,25-34,Brand Awareness,Paused
158,Secured disintermediate website 2021,YouTube,Conversion,2023-11-30,2024-05-16,3260751.35,18-24,Sales,Completed
159,Diverse actuating forecast 2025,Google Ads,Engagement,2024-06-19,2024-08-20,76726205.75,25-34,Brand Awareness,Active
160,Extended attitude-oriented instruction set 2025,SMS,Engagement,2025-07-20,2025-09-03,86655941.74,55+,Leads,Completed
161,Public-key scalable complexity 2023,Instagram,Conversion,2024-08-16,2024-12-23,46568764.97,25-34,Brand Awareness,Completed
162,Monitored even-keeled Local Area Network 2024,SMS,Engagement,2024-08-28,2024-12-31,97513078.07,55+,Leads,Active
163,Total impactful focus group 2024,YouTube,Conversion,2024-01-20,2024-04-17,54744137.66,18-24,Brand Awareness,Completed
164,Polarized heuristic analyzer 2021,TikTok,Conversion,2024-10-09,2025-03-10,49058493.1,18-24,Leads,Completed
165,Automated logistical parallelism 2023,LinkedIn,Engagement,2024-12-25,2025-04-28,75674468.11,35-44,Sales,Paused
166,Multi-layered 5thgeneration groupware 2023,LinkedIn,Conversion,2024-03-27,2024-05-22,27565772.12,35-44,Leads,Active
167,Diverse multi-state forecast 2022,YouTube,Conversion,2024-07-07,2024-10-14,95320671.0,25-34,App Downloads,Active
168,Reduced 4thgeneration customer loyalty 2023,Telegram,Traffic,2023-11-27,,36574452.09,25-34,Leads,Paused
169,Managed modular protocol 2024,Instagram,Traffic,2024-08-17,2024-11-30,62725390.46,25-34,App Downloads,Completed
170,Adaptive bifurcated portal 2022,Telegram,Awareness,2023-12-25,2024-04-02,52606067.19,35-44,Leads,Cancelled
171,Organic 24hour matrices 2023,Telegram,Conversion,2025-08-17,,78149642.78,55+,Leads,Paused
172,Ameliorated even-keeled parallelism 2025,Telegram,Traffic,2024-05-14,2024-08-05,62189098.12,55+,Leads,Paused
173,Synergistic demand-driven alliance 2022,TikTok,Traffic,2024-05-30,2024-11-20,58085022.06,55+,Leads,Completed
174,Horizontal static artificial intelligence 2022,Twitter,Traffic,2024-01-12,2024-02-06,49361030.23,18-24,Brand Awareness,Active
175,Inverse grid-enabled interface 2025,Twitter,Engagement,2025-03-26,2025-06-27,94628709.34,35-44,Sales,Paused
176,Reduced eco-centric Graphical User Interface 2024,Telegram,Awareness,2024-01-15,2024-06-07,61866597.79,18-24,App Downloads,Paused
177,De-engineered full-range superstructure 2024,Google Ads,Awareness,2025-08-31,2025-12-05,40913134.81,55+,App Downloads,Cancelled
178,Automated interactive encoding 2024,Email,Engagement,2025-08-08,,97750337.66,55+,App Downloads,Active
179,Virtual cohesive implementation 2021,SMS,Awareness,2025-09-18,2026-01-15,24420325.45,18-24,Leads,Completed
180,Cross-platform incremental application 2021,Google Ads,Traffic,2024-01-26,2024-06-28,90384865.62,18-24,Leads,Completed
181,Enterprise-wide empowering capability 2024,Google Ads,Engagement,2024-09-08,2024-12-28,10729570.88,55+,App Downloads,Completed
182,Upgradable holistic protocol 2024,YouTube,Awareness,2024-08-07,2024-09-04,17073878.43,25-34,App Downloads,Paused
183,Total client-driven hardware 2022,Telegram,Engagement,2025-03-10,2025-04-06,58963998.37,55+,Leads,Paused
184,Right-sized homogeneous open architecture 2025,Google Ads,Traffic,2024-09-04,2024-11-19,30565903.19,18-24,Brand Awareness,Active
185,Polarized fresh-thinking archive 2022,Telegram,Engagement,2024-11-12,,5762022.37,18-24,Sales,Active
186,Ameliorated 24hour algorithm 2024,Telegram,Awareness,2024-07-09,2024-08-05,16334810.63,45-54,Brand Awareness,Active
187,Focused bandwidth-monitored moratorium 2021,Email,Engagement,2024-01-21,2024-04-29,80766147.35,35-44,Brand Awareness,Active
188,Proactive eco-centric synergy 2023,SMS,Awareness,2025-03-22,2025-05-05,85602668.51,25-34,Brand Awareness,Completed
189,Persevering high-level methodology 2022,TikTok,Engagement,2025-05-01,2025-06-29,55798224.82,25-34,Sales,Cancelled
190,Business-focused attitude-oriented matrix 2020,TikTok,Engagement,2024-06-22,2024-10-17,12964969.93,45-54,App Downloads,Paused
191,Focused executive ability 2025,Twitter,Engagement,2025-09-23,2025-12-17,34561003.43,55+,App Downloads,Completed
192,Digitized national ability 2021,LinkedIn,Awareness,2025-08-25,2025-12-28,80345793.38,55+,Sales,Completed
193,Business-focused real-time protocol 2023,Telegram,Conversion,2024-11-06,2024-12-14,99033643.69,45-54,Brand Awareness,Completed
194,Digitized well-modulated flexibility 2023,SMS,Conversion,2024-06-20,2024-10-20,95126895.36,35-44,Brand Awareness,Completed
195,Virtual directional flexibility 2024,LinkedIn,Traffic,2025-03-21,2025-07-07,8789577.38,25-34,Sales,Paused
196,Digitized systemic open architecture 2022,SMS,Engagement,2025-09-24,,45682654.42,35-44,Sales,Active
197,Synchronized foreground synergy 2022,Twitter,Traffic,2024-07-08,2024-09-12,35105409.87,55+,Sales,Completed
198,Automated solution-oriented adapter 2022,YouTube,Traffic,2025-09-04,2025-09-25,45206516.62,25-34,Sales,Completed
199,Exclusive background artificial intelligence 2022,Email,Awareness,2025-09-03,2025-10-14,91651067.51,55+,Leads,Active
200,Polarized regional function 2021,SMS,Traffic,2025-08-14,2025-12-29,24190875.22,18-24,Leads,Completed
201,Realigned maximized software 2025,Telegram,Engagement,2024-07-01,2024-07-26,33211620.97,45-54,Brand Awareness,Completed
202,Reduced value-added success 2022,YouTube,Awareness,2023-11-25,2024-01-20,31795777.04,45-54,Brand Awareness,Active
203,Proactive neutral standardization 2023,Instagram,Traffic,2025-10-26,2026-03-03,10411807.99,55+,Brand Awareness,Completed
204,Public-key foreground utilization 2023,Instagram,Awareness,2024-07-21,2024-12-02,49983884.28,45-54,Leads,Completed
205,Up-sized secondary benchmark 2020,Facebook Ads,Conversion,2025-06-29,2025-09-17,21575161.42,35-44,Sales,Completed
206,Balanced tangible support 2024,Instagram,Traffic,2025-05-17,2025-10-24,13615986.64,25-34,App Downloads,Active
207,Function-based even-keeled access 2023,SMS,Traffic,2025-09-04,2025-10-14,62936428.05,18-24,Sales,Active
208,Up-sized well-modulated protocol 2022,SMS,Engagement,2024-03-23,2024-07-15,71909919.78,25-34,Sales,Completed
209,Horizontal user-facing open system 2025,Google Ads,Traffic,2024-10-04,2024-11-24,99803338.23,55+,Leads,Completed
210,Versatile fault-tolerant info-mediaries 2024,SMS,Awareness,2025-05-31,2025-09-20,36237106.15,18-24,Leads,Active
211,Fully-configurable bottom-line conglomeration 2021,TikTok,Engagement,2024-04-08,2024-09-17,93337675.75,45-54,Sales,Completed
212,Expanded attitude-oriented productivity 2022,LinkedIn,Awareness,2025-07-10,2025-11-03,89763899.01,45-54,Sales,Completed
213,Managed motivating flexibility 2024,Facebook Ads,Engagement,2024-03-13,,6124020.45,25-34,Brand Awareness,Active
214,Proactive next generation focus group 2021,LinkedIn,Awareness,2024-07-12,2024-12-21,16861620.01,35-44,Leads,Completed
215,Synchronized attitude-oriented project 2023,SMS,Traffic,2025-04-28,2025-06-22,84135615.7,55+,Sales,Completed
216,Configurable client-server hierarchy 2020,YouTube,Traffic,2024-01-11,2024-03-14,8188158.85,55+,App Downloads,Completed
217,Up-sized demand-driven moderator 2022,Telegram,Traffic,2024-12-03,2024-12-13,24784995.93,45-54,Sales,Cancelled
218,Multi-tiered optimizing service-desk 2020,LinkedIn,Traffic,2025-01-19,2025-03-02,41306521.07,55+,App Downloads,Active
219,Balanced content-based functionalities 2022,Twitter,Engagement,2025-01-05,,56601476.35,35-44,Brand Awareness,Completed
220,Synchronized grid-enabled success 2022,TikTok,Traffic,2024-06-16,2024-10-31,22030908.04,25-34,Sales,Paused
221,Synergized zero administration forecast 2025,Instagram,Traffic,2025-08-16,2025-10-19,15586341.12,25-34,Sales,Completed
222,Intuitive explicit alliance 2025,LinkedIn,Conversion,2025-07-23,2026-01-12,63091880.02,35-44,App Downloads,Completed
223,Ergonomic value-added system engine 2023,Email,Conversion,2024-11-12,2025-01-05,44810274.29,35-44,Brand Awareness,Completed
224,Enterprise-wide non-volatile capacity 2020,TikTok,Awareness,2025-06-29,2025-11-28,99690688.54,45-54,Leads,Completed
225,Fully-configurable analyzing instruction set 2025,LinkedIn,Engagement,2024-01-19,2024-02-13,41410807.06,25-34,App Downloads,Paused
226,Object-based system-worthy adapter 2024,Email,Awareness,2025-07-28,,78905491.56,45-54,Leads,Paused
227,Reverse-engineered solution-oriented system engine 2021,LinkedIn,Engagement,2024-11-18,2025-05-13,79602605.02,55+,Brand Awareness,Paused
228,Digitized needs-based contingency 2024,Twitter,Engagement,2023-12-15,2024-02-23,46742705.19,35-44,App Downloads,Completed
229,Exclusive object-oriented attitude 2022,Facebook Ads,Traffic,2024-02-20,2024-04-30,38116740.5,35-44,Brand Awareness,Paused
230,Progressive stable projection 2023,LinkedIn,Traffic,2025-03-12,2025-06-25,29052108.44,25-34,App Downloads,Completed
231,Customizable bifurcated process improvement 2020,Facebook Ads,Conversion,2023-12-16,2024-06-06,52752832.15,45-54,Leads,Completed
232,Down-sized composite system engine 2023,Telegram,Awareness,2025-02-24,2025-03-17,61383844.28,55+,Brand Awareness,Completed
233,Profit-focused 3rdgeneration attitude 2025,Facebook Ads,Engagement,2025-06-04,2025-08-04,21305706.01,35-44,Leads,Paused
234,Cross-group directional matrices 2021,Email,Engagement,2024-08-21,2024-12-16,36568606.82,35-44,Leads,Active
235,User-centric responsive hub 2023,Twitter,Awareness,2024-12-19,2025-02-10,55174078.41,18-24,Leads,Completed
236,Optimized exuding circuit 2023,YouTube,Traffic,2024-11-29,2025-03-24,82426476.23,55+,Leads,Completed
237,Public-key tangible service-desk 2023,SMS,Engagement,2025-02-20,,27054661.04,35-44,Sales,Completed
238,Multi-tiered full-range instruction set 2022,TikTok,Engagement,2024-07-13,2024-08-10,91577394.24,25-34,App Downloads,Completed
239,Universal optimizing moratorium 2025,Instagram,Conversion,2025-03-13,,7766370.85,35-44,Brand Awareness,Active
240,Self-enabling value-added instruction set 2025,Instagram,Traffic,2024-08-18,2024-12-12,60345450.67,35-44,Sales,Active
241,User-friendly real-time installation 2024,Facebook Ads,Traffic,2025-07-14,2025-12-20,4378069.77,25-34,Brand Awareness,Completed
242,Intuitive asymmetric installation 2021,Google Ads,Engagement,2024-12-17,2025-02-18,21604446.65,45-54,Brand Awareness,Completed
243,Horizontal optimal pricing structure 2024,YouTube,Engagement,2025-10-18,2025-12-14,88832188.86,18-24,App Downloads,Completed
244,Function-based zero administration utilization 2022,Twitter,Awareness,2024-10-17,2025-02-08,52748072.94,18-24,Brand Awareness,Completed
245,Decentralized eco-centric infrastructure 2021,YouTube,Awareness,2024-07-17,,70844372.47,55+,Brand Awareness,Paused
246,Integrated exuding architecture 2025,Facebook Ads,Conversion,2024-03-06,,95287834.56,18-24,Leads,Paused
247,Assimilated methodical complexity 2022,Telegram,Conversion,2025-01-10,2025-01-20,23707404.56,55+,Leads,Completed
248,Managed zero administration encryption 2024,TikTok,Traffic,2024-08-05,2024-12-30,35291661.91,18-24,Sales,Completed
249,Implemented 5thgeneration standardization 2021,LinkedIn,Traffic,2024-08-11,,45138932.37,18-24,Brand Awareness,Active
250,Fundamental non-volatile implementation 2024,Facebook Ads,Traffic,2024-02-16,2024-07-20,48476947.33,18-24,Brand Awareness,Paused
251,Multi-tiered local array 2020,Twitter,Engagement,2025-11-06,2025-12-06,85938823.55,55+,App Downloads,Completed
252,Future-proofed maximized utilization 2022,Google Ads,Conversion,2024-04-09,2024-06-10,83129339.33,45-54,Leads,Active
253,Reactive systemic standardization 2023,TikTok,Traffic,2025-11-02,2025-12-04,68679158.44,55+,Leads,Cancelled
254,Right-sized local help-desk 2023,Email,Traffic,2025-03-22,2025-07-30,26981307.5,25-34,App Downloads,Completed
255,Reactive mission-critical protocol 2023,YouTube,Traffic,2025-01-09,2025-02-17,7924655.1,35-44,Leads,Completed
256,Monitored incremental throughput 2025,Instagram,Conversion,2024-11-27,2025-01-03,61568726.99,35-44,App Downloads,Active
257,Face-to-face scalable focus group 2024,TikTok,Traffic,2025-06-23,2025-11-29,7851615.52,55+,Leads,Completed
258,Grass-roots static info-mediaries 2020,Telegram,Engagement,2024-10-19,,65703683.61,45-54,Brand Awareness,Paused
259,Profit-focused methodical help-desk 2025,Facebook Ads,Traffic,2025-04-04,2025-09-05,49687150.97,35-44,Brand Awareness,Completed
260,Virtual bifurcated Graphical User Interface 2025,TikTok,Engagement,2024-07-26,2024-08-15,30492895.1,35-44,App Downloads,Active
261,Reactive maximized data-warehouse 2020,Telegram,Traffic,2025-08-05,2025-11-07,3353931.0,18-24,Sales,Paused
262,Monitored non-volatile focus group 2022,YouTube,Traffic,2025-06-25,2025-07-15,64914609.29,55+,Sales,Completed
263,Focused mission-critical analyzer 2025,SMS,Traffic,2025-07-29,2025-08-26,39531869.45,55+,Leads,Paused
264,Proactive maximized definition 2024,Email,Traffic,2025-05-29,2025-09-22,51115864.27,35-44,Leads,Completed
265,Synchronized hybrid core 2024,,Engagement,2024-06-18,,52704514.33,45-54,Sales,Completed
266,Enterprise-wide background system engine 2021,Telegram,Conversion,2025-09-01,2025-11-02,94624462.68,35-44,Brand Awareness,Paused
267,Optional human-resource extranet 2023,Email,Engagement,2025-09-16,,68164543.95,25-34,App Downloads,Completed
268,Reduced demand-driven utilization 2020,Email,Awareness,2023-11-24,2023-12-13,32337547.17,18-24,Brand Awareness,Completed
269,Multi-channeled needs-based process improvement 2025,YouTube,Awareness,2023-11-28,2023-12-21,28831697.91,55+,Brand Awareness,Active
270,Proactive well-modulated functionalities 2024,Instagram,Engagement,2025-05-10,2025-06-04,34802397.3,45-54,Leads,Completed
271,Integrated optimizing leverage 2023,YouTube,Conversion,2024-04-14,2024-10-05,71333181.59,55+,App Downloads,Completed
272,Upgradable exuding structure 2024,Telegram,Awareness,2023-11-12,2024-01-07,78929109.17,55+,Brand Awareness,Paused
273,Organized national implementation 2024,Facebook Ads,Traffic,2024-03-02,,96424579.86,45-54,Brand Awareness,Cancelled
274,Public-key explicit info-mediaries 2020,YouTube,Conversion,2025-04-04,2025-08-09,96726302.64,55+,App Downloads,Cancelled
275,Up-sized optimizing structure 2022,Email,Traffic,2024-05-29,2024-06-08,70159669.83,55+,Sales,Completed
276,Persevering executive time-frame 2023,LinkedIn,Conversion,2025-10-21,,53094046.73,55+,Brand Awareness,Active
277,Integrated tangible service-desk 2023,Facebook Ads,Conversion,2024-10-03,2024-11-08,54671347.78,45-54,Sales,Cancelled
278,Multi-layered system-worthy throughput 2022,Facebook Ads,Traffic,2025-07-18,2025-07-25,23709061.15,55+,Brand Awareness,Completed
279,Stand-alone national contingency 2020,Twitter,Engagement,2024-08-04,,48388696.98,25-34,Brand Awareness,Active
280,Re-contextualized motivating encryption 2020,LinkedIn,Awareness,2024-08-13,2024-11-29,52597347.27,45-54,Sales,Completed
281,Re-engineered stable knowledge user 2021,Google Ads,Awareness,2025-02-12,,51048145.58,55+,App Downloads,Completed
282,Sharable client-server success 2020,Instagram,Traffic,2025-09-01,2026-01-14,16757713.98,55+,Leads,Completed
283,Team-oriented encompassing help-desk 2020,Email,Conversion,2025-03-16,2025-06-09,1876578.88,35-44,Sales,Completed
284,Managed eco-centric circuit 2020,Facebook Ads,Traffic,2024-03-07,2024-08-01,3248082.39,25-34,Brand Awareness,Paused
285,Managed human-resource product 2022,Twitter,Engagement,2025-08-23,2025-12-29,87107608.65,35-44,Sales,Paused
286,Team-oriented discrete projection 2020,Email,Conversion,2024-02-13,2024-08-07,8892153.2,35-44,App Downloads,Completed
287,Virtual dynamic support 2022,TikTok,Traffic,2024-06-27,2024-11-30,52794202.18,25-34,Sales,Completed
288,Monitored leadingedge strategy 2024,Facebook Ads,Engagement,2024-02-28,2024-03-12,14475119.76,45-54,Brand Awareness,Completed
289,Switchable motivating core 2025,SMS,Traffic,2024-04-28,2024-08-22,6234639.98,18-24,App Downloads,Completed
290,Cross-platform composite Graphical User Interface 2022,LinkedIn,Traffic,2024-10-12,2025-01-12,45907453.8,45-54,Sales,Completed
291,Seamless empowering infrastructure 2022,Google Ads,Engagement,2024-07-09,2024-12-17,59437805.49,25-34,Leads,Active
292,Persistent multi-state definition 2025,Email,Conversion,2024-08-30,2025-01-01,29218052.46,25-34,Sales,Completed
293,Realigned system-worthy strategy 2023,Telegram,Traffic,2025-02-15,2025-08-13,70587870.78,25-34,App Downloads,Completed
294,Quality-focused human-resource algorithm 2021,SMS,Engagement,2024-04-18,2024-09-03,90527458.45,45-54,App Downloads,Paused
295,Streamlined dynamic challenge 2024,Email,Traffic,2024-05-07,2024-09-02,53459817.07,18-24,App Downloads,Completed
296,Enterprise-wide 3rdgeneration encryption 2021,SMS,Traffic,2024-05-01,2024-08-16,23728239.32,55+,App Downloads,Completed
297,Total modular core 2021,TikTok,Conversion,2025-05-15,2025-11-01,24813704.1,35-44,App Downloads,Active
298,Profit-focused value-added alliance 2023,Twitter,Engagement,2023-12-10,2024-03-17,18712913.47,18-24,Brand Awareness,Active
299,Progressive cohesive flexibility 2025,Telegram,Engagement,2024-05-25,2024-10-15,38984127.65,45-54,Sales,Completed
300,Down-sized analyzing secured line 2024,Twitter,Traffic,2024-09-23,2024-11-20,64406397.27,55+,App Downloads,Active
301,Enhanced demand-driven hierarchy 2022,Instagram,Traffic,2025-03-18,2025-06-04,5614058.65,25-34,Brand Awareness,Completed
302,Adaptive 24/7 website 2024,Facebook Ads,Traffic,2024-01-01,2024-04-30,9182670.55,25-34,Brand Awareness,Active
303,Advanced uniform help-desk 2021,Google Ads,Conversion,2025-07-07,2025-12-25,22958280.84,18-24,Leads,Cancelled
304,Re-engineered intangible synergy 2020,Facebook Ads,Conversion,2025-09-25,2026-03-04,55218396.79,45-54,Sales,Cancelled
305,Cross-group human-resource process improvement 2023,Telegram,Awareness,2024-04-29,2024-07-09,95662994.55,55+,Brand Awareness,Active
306,Multi-lateral cohesive parallelism 2025,Facebook Ads,Awareness,2025-09-23,2025-11-13,22705137.7,45-54,Leads,Cancelled
307,Programmable demand-driven hub 2021,Email,Conversion,2025-09-28,,65309421.44,18-24,Brand Awareness,Completed
308,Intuitive tertiary orchestration 2021,Email,Conversion,2024-01-07,2024-02-16,37539561.5,55+,Leads,Paused
309,Re-engineered zero-defect software 2024,Facebook Ads,Traffic,2025-06-22,2025-12-15,27871603.17,25-34,App Downloads,Completed
310,Re-engineered exuding parallelism 2023,YouTube,Traffic,2025-02-04,2025-03-04,52931153.21,55+,Brand Awareness,Active
311,Multi-channeled responsive alliance 2022,SMS,Awareness,2025-03-19,2025-06-10,8227612.29,18-24,Brand Awareness,Completed
312,Future-proofed attitude-oriented projection 2023,Email,Conversion,2025-01-29,2025-05-12,63970978.77,55+,Brand Awareness,Completed
313,Inverse content-based protocol 2022,SMS,Traffic,2024-12-11,,31722755.67,25-34,Sales,Completed
314,Pre-emptive disintermediate array 2024,TikTok,Traffic,2024-01-23,2024-04-13,9621607.29,25-34,Leads,Completed
315,Profound optimizing support 2022,LinkedIn,Conversion,2024-12-23,2025-06-05,26424366.71,55+,Sales,Completed
316,Future-proofed foreground approach 2020,Telegram,Conversion,2025-09-21,2026-01-14,57430261.6,55+,Brand Awareness,Completed
317,Right-sized methodical monitoring 2024,SMS,Awareness,2023-12-30,2024-06-27,7705157.84,55+,App Downloads,Completed
318,Virtual real-time emulation 2024,Facebook Ads,Engagement,2024-03-14,2024-05-14,80207126.76,25-34,Sales,Active
319,Integrated solution-oriented hardware 2023,Facebook Ads,Traffic,2025-09-02,,66282939.12,45-54,App Downloads,Completed
320,Reduced hybrid analyzer 2021,TikTok,Conversion,2024-11-23,2025-02-22,90880967.61,18-24,App Downloads,Completed
321,Automated transitional superstructure 2024,Facebook Ads,Traffic,2023-11-13,2024-02-02,9022720.01,18-24,Brand Awareness,Completed
322,Organic national hardware 2024,Telegram,Conversion,2025-10-27,2026-04-25,33230458.06,55+,Sales,Paused
323,Front-line context-sensitive support 2021,Telegram,Traffic,2024-02-19,2024-08-15,15781002.2,45-54,Sales,Paused
324,Mandatory analyzing task-force 2021,LinkedIn,Engagement,2025-06-01,,99312293.76,35-44,Sales,Active
325,Implemented stable orchestration 2025,Telegram,Awareness,2023-11-11,2024-02-16,33670937.42,55+,Leads,Completed
326,Assimilated non-volatile solution 2023,,Traffic,2024-03-05,2024-05-18,94984161.21,55+,App Downloads,Active
327,Cross-platform client-server open architecture 2023,SMS,Conversion,2025-03-31,2025-09-09,45772040.49,18-24,Sales,Paused
328,Open-architected asymmetric Graphic Interface 2024,LinkedIn,Traffic,2025-09-21,2026-03-17,71443308.7,25-34,Leads,Completed
329,Re-contextualized composite matrices 2021,Instagram,Conversion,2024-07-06,2024-10-21,32419939.5,45-54,Brand Awareness,Active
330,Implemented zero-defect structure 2023,,Awareness,2025-01-11,2025-01-27,62569679.23,55+,Sales,Active
331,Universal motivating groupware 2024,SMS,Engagement,2025-03-19,2025-04-19,15246525.72,35-44,App Downloads,Paused
332,Multi-layered encompassing framework 2024,Twitter,Conversion,2025-08-25,2025-10-29,90078986.41,25-34,App Downloads,Completed
333,Compatible user-facing forecast 2024,Email,Awareness,2024-12-31,2025-05-08,28195191.52,25-34,Brand Awareness,Completed
334,Ameliorated actuating pricing structure 2022,YouTube,Traffic,2025-04-15,2025-06-02,97922357.86,18-24,App Downloads,Active
335,Ergonomic non-volatile capability 2021,Facebook Ads,Conversion,2025-01-29,2025-05-29,97366173.96,18-24,App Downloads,Active
336,Distributed well-modulated matrix 2022,Instagram,Awareness,2023-12-07,2024-04-12,37814350.65,45-54,Sales,Active
337,Expanded mission-critical focus group 2022,LinkedIn,Conversion,2024-12-15,2025-02-27,47988909.55,25-34,Leads,Completed
338,Function-based system-worthy orchestration 2020,YouTube,Engagement,2023-12-09,2024-03-22,84127843.91,18-24,Leads,Paused
339,Right-sized heuristic hierarchy 2024,Twitter,Engagement,2024-07-13,,81131976.43,25-34,Leads,Paused
340,Enhanced context-sensitive hub 2020,YouTube,Awareness,2024-05-24,2024-09-24,89897041.47,55+,Brand Awareness,Active
341,Polarized national project 2022,Facebook Ads,Conversion,2024-12-19,2025-05-05,26081378.79,25-34,App Downloads,Completed
342,Cloned actuating flexibility 2021,YouTube,Awareness,2025-01-23,2025-02-20,76942295.41,45-54,App Downloads,Cancelled
343,Front-line responsive Internet solution 2025,Facebook Ads,Conversion,2023-12-05,,94156330.12,55+,Sales,Completed
344,Optimized zero administration extranet 2023,TikTok,Awareness,2024-08-04,2025-01-23,19437211.09,35-44,Brand Awareness,Active
345,Re-engineered zero administration function 2022,SMS,Awareness,2024-09-25,2025-01-16,33420996.6,25-34,Sales,Completed
346,Stand-alone encompassing collaboration 2024,YouTube,Traffic,2025-08-27,2026-01-24,33950896.11,35-44,Sales,Cancelled
347,Future-proofed well-modulated Local Area Network 2023,YouTube,Traffic,2025-02-20,2025-08-13,75877030.27,45-54,Sales,Active
348,Inverse empowering parallelism 2021,Google Ads,Traffic,2024-09-19,2025-01-09,87494500.43,35-44,App Downloads,Paused
349,Horizontal logistical pricing structure 2023,Email,Traffic,2024-09-18,,12677871.96,35-44,Leads,Completed
350,Assimilated foreground structure 2020,LinkedIn,Conversion,2025-04-13,,82982182.44,55+,Sales,Completed
351,Function-based tertiary system engine 2023,YouTube,Conversion,2025-10-06,2026-03-10,94653582.51,25-34,App Downloads,Completed
352,Integrated eco-centric matrix 2021,Facebook Ads,Engagement,2025-04-30,2025-09-15,5403844.17,55+,Brand Awareness,Completed
353,Open-architected hybrid artificial intelligence 2020,SMS,Engagement,2025-01-13,2025-05-09,12210473.96,45-54,Leads,Completed
354,Robust exuding toolset 2023,Instagram,Awareness,2025-09-21,2026-02-13,19425117.29,55+,Leads,Paused
355,Centralized upward-trending knowledge user 2025,Twitter,Traffic,2024-02-06,2024-07-26,72521352.68,55+,Leads,Active
356,Managed transitional secured line 2025,SMS,Awareness,2025-03-31,2025-08-07,2378001.13,45-54,Leads,Completed
357,Monitored bi-directional model 2021,SMS,Awareness,2025-02-06,2025-03-13,94593445.46,55+,Brand Awareness,Completed
358,De-engineered multi-state protocol 2025,Twitter,Engagement,2025-05-05,2025-07-23,59396628.07,35-44,Brand Awareness,Completed
359,Organized executive system engine 2020,SMS,Traffic,2025-07-24,,22810979.28,55+,Leads,Paused
360,Intuitive homogeneous capacity 2023,TikTok,Conversion,2024-01-18,,53167781.07,55+,Brand Awareness,Completed
361,Devolved clear-thinking parallelism 2021,Facebook Ads,Engagement,2024-01-09,2024-04-10,45659564.47,55+,Sales,Active
362,Universal scalable hardware 2022,Facebook Ads,Awareness,2025-09-06,,84669440.11,25-34,App Downloads,Completed
363,Reactive bottom-line service-desk 2022,Google Ads,Traffic,2024-05-17,2024-06-07,94802276.39,35-44,Sales,Cancelled
364,Profound maximized archive 2024,Email,Engagement,2025-09-15,2026-01-03,85523222.0,35-44,Brand Awareness,Completed
365,Function-based multi-tasking function 2020,YouTube,Traffic,2025-06-26,2025-09-07,85825268.33,25-34,App Downloads,Completed
366,Stand-alone attitude-oriented core 2025,YouTube,Engagement,2024-06-02,2024-07-06,91534411.6,18-24,Sales,Completed
367,Implemented attitude-oriented Internet solution 2023,LinkedIn,Conversion,2025-03-12,2025-06-27,36123051.03,35-44,Leads,Completed
368,Function-based content-based standardization 2025,Telegram,Conversion,2024-01-19,2024-06-28,6860881.19,45-54,Sales,Completed
369,Public-key needs-based utilization 2023,SMS,Engagement,2024-12-12,2025-03-24,72542040.81,45-54,Leads,Completed
370,Business-focused uniform hierarchy 2021,Google Ads,Engagement,2024-11-06,2025-01-07,40997422.07,45-54,Leads,Completed
371,Exclusive responsive benchmark 2025,Email,Conversion,2024-03-10,2024-06-22,47593011.97,55+,App Downloads,Completed
372,Expanded zero tolerance Graphic Interface 2025,Twitter,Traffic,2024-08-21,,22451806.87,55+,App Downloads,Paused
373,Cross-group multi-state Graphic Interface 2021,Instagram,Traffic,2024-08-29,2024-11-08,90089082.64,25-34,Leads,Active
374,Upgradable composite knowledgebase 2024,LinkedIn,Conversion,2025-08-22,2026-01-16,93867781.98,25-34,App Downloads,Paused
375,Persistent stable throughput 2020,Twitter,Conversion,2024-07-14,2024-08-27,42613450.44,25-34,App Downloads,Paused
376,De-engineered responsive challenge 2020,Telegram,Conversion,2025-10-22,2026-03-21,95934460.87,55+,Sales,Completed
377,Operative fault-tolerant attitude 2021,LinkedIn,Conversion,2025-10-29,2026-01-14,64032546.88,55+,App Downloads,Completed
378,Grass-roots dedicated solution 2022,Telegram,Engagement,2025-04-17,2025-07-27,59474964.75,18-24,Sales,Completed
379,Cross-platform solution-oriented capability 2022,YouTube,Awareness,2024-02-13,2024-08-07,2493382.02,25-34,Brand Awareness,Completed
380,Quality-focused clear-thinking hierarchy 2022,Instagram,Conversion,2025-01-20,2025-01-27,65511399.1,18-24,Leads,Paused
381,Streamlined upward-trending help-desk 2025,LinkedIn,Engagement,2024-05-13,2024-08-30,96614408.82,35-44,Leads,Completed
382,Multi-channeled zero tolerance protocol 2023,Instagram,Engagement,2025-10-16,2025-11-28,40700963.62,18-24,Brand Awareness,Paused
383,Stand-alone didactic standardization 2022,Telegram,Awareness,2024-10-28,,9069620.77,35-44,Sales,Completed
384,Robust foreground superstructure 2025,Google Ads,Traffic,2023-11-15,2024-02-06,37274720.76,45-54,App Downloads,Paused
385,Mandatory human-resource leverage 2025,Telegram,Awareness,2024-10-23,,18159645.93,55+,Sales,Completed
386,Organized local application 2025,Email,Engagement,2024-03-02,2024-05-08,16962609.39,45-54,App Downloads,Completed
387,Re-engineered 24hour structure 2024,YouTube,Awareness,2024-01-19,2024-02-18,59107853.59,55+,App Downloads,Active
388,Front-line systemic middleware 2022,Twitter,Traffic,2024-03-11,2024-06-28,59471958.39,18-24,App Downloads,Completed
389,Organic asymmetric Graphical User Interface 2022,Telegram,Traffic,2024-10-28,,78450492.59,45-54,Leads,Completed
390,Quality-focused even-keeled initiative 2023,Twitter,Engagement,2025-01-01,2025-02-21,45308157.0,45-54,Sales,Completed
391,Monitored scalable extranet 2025,Facebook Ads,Awareness,2025-07-16,,33543872.53,55+,App Downloads,Active
392,Expanded asynchronous extranet 2023,Google Ads,Conversion,2025-02-11,,38632455.09,25-34,App Downloads,Completed
393,Self-enabling asynchronous definition 2023,Email,Conversion,2025-07-25,,86244220.09,35-44,App Downloads,Completed
394,Reduced multi-tasking help-desk 2022,Twitter,Traffic,2025-03-26,2025-08-23,11681560.93,45-54,Brand Awareness,Active
395,Up-sized zero tolerance access 2024,TikTok,Conversion,2024-12-25,2025-05-22,96278575.56,35-44,Sales,Completed
396,Team-oriented actuating hierarchy 2025,TikTok,Engagement,2025-07-29,2025-10-07,8170657.08,18-24,App Downloads,Completed
397,Upgradable dynamic challenge 2023,Telegram,Engagement,2024-06-03,2024-09-19,3815759.36,35-44,Leads,Completed
398,Customizable high-level interface 2022,Telegram,Traffic,2024-01-24,2024-02-12,19424552.47,18-24,App Downloads,Paused
399,Intuitive radical concept 2023,YouTube,Traffic,2024-01-19,2024-06-10,86149836.7,35-44,Sales,Completed
400,Sharable even-keeled structure 2025,SMS,Traffic,2024-05-10,2024-06-03,70804206.66,35-44,App Downloads,Completed
401,User-centric secondary success 2024,SMS,Conversion,2025-06-27,2025-12-03,3269868.66,35-44,Sales,Completed
402,Re-engineered foreground function 2025,Telegram,Engagement,2024-02-26,2024-03-18,11237824.3,55+,Brand Awareness,Paused
403,Centralized stable migration 2025,TikTok,Awareness,2024-10-02,2024-11-24,9498945.14,25-34,Brand Awareness,Completed
404,Optional fresh-thinking structure 2023,YouTube,Conversion,2024-09-08,2024-12-28,5136328.98,55+,Brand Awareness,Paused
405,Realigned responsive function 2020,Google Ads,Traffic,2024-11-28,2025-05-10,42502036.65,35-44,Brand Awareness,Completed
406,Organic full-range service-desk 2021,SMS,Conversion,2025-03-13,2025-05-15,31324575.32,45-54,Leads,Active
407,Triple-buffered systematic definition 2023,Email,Awareness,2025-02-06,2025-02-22,45340332.68,18-24,Sales,Completed
408,Distributed tangible challenge 2020,Telegram,Traffic,2024-01-17,,40692319.43,18-24,Leads,Paused
409,Right-sized zero administration archive 2024,Twitter,Conversion,2024-09-07,2025-02-08,57462804.65,18-24,App Downloads,Completed
410,Realigned intangible workforce 2023,TikTok,Awareness,2024-12-01,2025-04-12,64045080.45,45-54,App Downloads,Completed
411,Advanced analyzing application 2021,SMS,Traffic,2025-05-18,2025-05-30,81823733.62,18-24,Sales,Active
412,User-centric disintermediate concept 2021,Facebook Ads,Awareness,2024-09-08,2025-02-20,87907376.64,45-54,Leads,Cancelled
413,Versatile zero tolerance protocol 2023,Facebook Ads,Engagement,2024-12-11,2025-03-03,98937912.95,18-24,Sales,Cancelled
414,Visionary holistic process improvement 2022,Email,Awareness,2024-12-10,2025-04-16,88377781.13,25-34,Brand Awareness,Completed
415,Re-contextualized static encryption 2020,Google Ads,Traffic,2024-07-08,2024-10-21,20175827.63,35-44,App Downloads,Cancelled
416,Team-oriented 24/7 function 2025,SMS,Awareness,2024-08-10,2024-09-05,47388639.28,45-54,Leads,Paused
417,Multi-layered fault-tolerant hierarchy 2023,Telegram,Awareness,2025-07-31,2026-01-14,30363073.99,35-44,App Downloads,Active
418,Grass-roots maximized functionalities 2023,YouTube,Conversion,2024-06-05,2024-09-02,27470071.51,25-34,Leads,Active
419,Re-contextualized human-resource flexibility 2022,Instagram,Conversion,2024-02-09,2024-08-06,44998089.82,55+,Brand Awareness,Completed
420,Digitized zero administration definition 2022,SMS,Conversion,2024-04-05,2024-05-17,49856108.85,45-54,Sales,Paused
421,Open-architected 24/7 open system 2020,Google Ads,Conversion,2025-02-18,2025-05-16,59855362.45,25-34,Leads,Active
422,Seamless neutral model 2024,TikTok,Engagement,2025-01-10,2025-02-09,28682411.73,18-24,Sales,Completed
423,Focused static approach 2024,Telegram,Conversion,2025-02-22,2025-05-05,53576958.63,45-54,Brand Awareness,Active
424,Expanded value-added focus group 2020,Email,Traffic,2025-07-18,,3400227.84,55+,Leads,Completed
425,Optional bandwidth-monitored focus group 2024,Google Ads,Engagement,2025-08-09,2025-12-14,96379954.45,25-34,App Downloads,Completed
426,Multi-channeled high-level circuit 2023,LinkedIn,Traffic,2025-09-02,2025-12-06,57485753.82,25-34,Brand Awareness,Completed
427,Down-sized multimedia approach 2021,Telegram,Traffic,2024-03-28,2024-05-01,3938344.25,25-34,Leads,Completed
428,Reactive zero tolerance archive 2024,Email,Engagement,2024-11-03,,64173544.49,18-24,Sales,Completed
429,Grass-roots incremental hierarchy 2021,LinkedIn,Traffic,2025-06-11,2025-12-01,48244408.84,25-34,Sales,Paused
430,Intuitive national capacity 2025,Facebook Ads,Engagement,2025-08-19,2025-12-03,36492407.95,55+,Leads,Paused
431,Digitized user-facing Graphical User Interface 2021,YouTube,Engagement,2023-12-05,,4312090.16,18-24,Brand Awareness,Completed
432,Distributed heuristic analyzer 2021,Telegram,Traffic,2025-10-29,2026-02-22,95312593.2,25-34,App Downloads,Completed
433,Synergized neutral knowledge user 2025,Telegram,Traffic,2024-09-24,2024-11-26,79006023.44,35-44,Brand Awareness,Active
434,Persistent homogeneous architecture 2024,Telegram,Awareness,2024-01-31,2024-06-19,96441066.76,45-54,Leads,Active
435,De-engineered asymmetric extranet 2023,Email,Awareness,2025-06-10,2025-09-02,62220711.88,55+,App Downloads,Completed
436,Business-focused neutral solution 2021,Instagram,Conversion,2025-04-30,2025-05-29,5836862.59,35-44,Leads,Paused
437,Multi-channeled zero administration interface 2021,Facebook Ads,Traffic,2024-06-19,2024-09-07,22114184.69,35-44,Leads,Paused
438,De-engineered neutral process improvement 2023,SMS,Awareness,2025-04-16,2025-08-05,66308061.78,55+,Brand Awareness,Completed
439,Right-sized 5thgeneration collaboration 2020,LinkedIn,Engagement,2025-11-10,2025-12-26,30339141.69,55+,Sales,Cancelled
440,Mandatory eco-centric concept 2021,LinkedIn,Awareness,2025-02-08,2025-03-01,2398403.88,25-34,Brand Awareness,Completed
441,Phased modular hardware 2024,SMS,Conversion,2024-04-11,2024-06-30,89708774.87,18-24,Leads,Cancelled
442,Multi-channeled optimizing process improvement 2024,Google Ads,Engagement,2024-08-17,2024-11-30,42398411.74,18-24,Brand Awareness,Paused
443,Function-based contextually-based customer loyalty 2020,Twitter,Conversion,2025-01-19,2025-01-26,2308233.17,18-24,App Downloads,Completed
444,Reverse-engineered reciprocal workforce 2024,LinkedIn,Conversion,2024-09-02,2024-12-06,88146823.12,25-34,App Downloads,Paused
445,Synchronized explicit instruction set 2021,Email,Conversion,2025-10-18,2025-12-08,12681457.91,45-54,Leads,Paused
446,Horizontal impactful application 2022,Twitter,Awareness,2025-06-18,2025-09-04,40566770.07,55+,App Downloads,Paused
447,Advanced attitude-oriented initiative 2020,TikTok,Engagement,2025-07-25,,79202919.89,55+,Brand Awareness,Paused
448,Upgradable analyzing product 2020,Instagram,Conversion,2024-12-31,2025-01-19,64360582.68,45-54,Sales,Completed
449,Front-line background contingency 2022,TikTok,Engagement,2025-02-25,2025-07-21,32091876.75,18-24,Brand Awareness,Paused
450,Virtual even-keeled application 2022,YouTube,Engagement,2024-11-05,2025-02-24,65283097.44,18-24,App Downloads,Completed
451,Focused scalable migration 2025,YouTube,Traffic,2024-05-23,2024-09-07,40306486.98,55+,Brand Awareness,Completed
452,Mandatory system-worthy hub 2023,Telegram,Engagement,2024-09-28,,55300371.84,55+,App Downloads,Paused
453,Phased attitude-oriented toolset 2020,YouTube,Traffic,2025-04-30,2025-08-06,51745201.71,18-24,App Downloads,Completed
454,Multi-layered asynchronous knowledge user 2021,TikTok,Traffic,2024-05-11,2024-07-28,30763879.58,18-24,Sales,Active
455,Multi-layered 6thgeneration project 2024,Facebook Ads,Engagement,2024-09-02,2024-10-20,87823184.15,25-34,Sales,Active
456,Organized 3rdgeneration framework 2025,Telegram,Traffic,2024-01-01,2024-05-18,88684275.83,45-54,Leads,Active
457,Self-enabling web-enabled neural-net 2022,YouTube,Awareness,2024-11-01,,19437428.03,25-34,Sales,Cancelled
458,Exclusive stable orchestration 2024,SMS,Traffic,2024-04-26,2024-06-19,63202621.39,18-24,Sales,Paused
459,De-engineered client-driven customer loyalty 2024,Google Ads,Engagement,2025-06-24,,99505687.0,25-34,Brand Awareness,Completed
460,Persevering neutral portal 2024,Telegram,Awareness,2023-12-19,2024-01-17,23710332.39,35-44,App Downloads,Active
461,Self-enabling zero-defect toolset 2021,SMS,Conversion,2025-03-13,2025-04-05,84390401.15,45-54,Sales,Active
462,Synergized non-volatile policy 2024,SMS,Awareness,2025-09-25,2026-03-11,54193172.52,35-44,Brand Awareness,Active
463,Devolved tangible structure 2024,Telegram,Awareness,2025-09-26,2025-10-16,7148922.51,25-34,Leads,Completed
464,Multi-layered mission-critical firmware 2023,Twitter,Awareness,2025-09-27,2025-10-21,19924584.26,45-54,Sales,Completed
465,Profound executive Internet solution 2024,SMS,Awareness,2024-04-30,2024-06-14,79477670.66,18-24,Sales,Paused
466,Innovative dedicated throughput 2024,Google Ads,Traffic,2024-01-01,2024-01-20,47853206.55,25-34,Brand Awareness,Active
467,Exclusive mobile standardization 2020,Google Ads,Awareness,2024-07-12,2024-08-26,10361095.04,55+,App Downloads,Active
468,Distributed upward-trending capacity 2024,LinkedIn,Traffic,2025-01-31,2025-03-29,16389977.28,18-24,Brand Awareness,Active
469,Object-based asymmetric paradigm 2020,YouTube,Awareness,2024-04-16,2024-10-12,91513816.14,35-44,Leads,Paused
470,Open-source object-oriented secured line 2024,TikTok,Conversion,2024-07-14,2024-11-12,92466533.38,45-54,App Downloads,Active
471,Configurable zero tolerance orchestration 2021,Twitter,Conversion,2023-12-23,2024-02-08,49931650.93,25-34,Brand Awareness,Paused
472,Pre-emptive zero administration open system 2025,TikTok,Conversion,2025-05-29,2025-09-15,48931016.8,45-54,Leads,Completed
473,Assimilated fault-tolerant frame 2023,LinkedIn,Conversion,2025-01-04,2025-04-18,87534946.68,35-44,Brand Awareness,Paused
474,Fundamental full-range customer loyalty 2024,TikTok,Traffic,2023-11-26,2024-02-06,50209981.52,18-24,Brand Awareness,Completed
475,Customizable actuating framework 2020,Twitter,Traffic,2024-08-07,2024-08-20,36007618.96,55+,Sales,Completed
476,Customer-focused client-driven archive 2021,Facebook Ads,Traffic,2024-03-18,2024-08-06,19698221.14,45-54,Brand Awareness,Completed
477,Managed bi-directional Graphical User Interface 2023,Google Ads,Engagement,2025-05-18,2025-10-10,54345299.63,18-24,Leads,Cancelled
478,Synergized executive process improvement 2025,Twitter,Engagement,2024-08-19,,35599867.37,55+,Sales,Completed
479,Business-focused secondary superstructure 2020,Google Ads,Engagement,2024-12-28,2025-01-20,36676862.98,45-54,Brand Awareness,Completed
480,Multi-layered tangible hub 2020,Instagram,Engagement,2024-12-21,2025-01-02,59115625.78,55+,Brand Awareness,Cancelled
481,Self-enabling regional contingency 2023,Facebook Ads,Traffic,2025-10-04,,43365826.35,25-34,Brand Awareness,Active
482,Integrated reciprocal frame 2024,TikTok,Conversion,2024-09-17,,31087017.99,55+,Sales,Completed
483,Fully-configurable stable access 2022,Twitter,Engagement,2024-07-03,2024-08-16,50048973.57,45-54,Leads,Completed
484,Programmable impactful standardization 2021,YouTube,Awareness,2025-09-08,2025-11-15,87465891.23,25-34,Brand Awareness,Active
485,Self-enabling modular encoding 2023,TikTok,Traffic,2025-06-12,2025-06-25,47220749.51,18-24,Leads,Cancelled
486,Upgradable bi-directional data-warehouse 2021,Google Ads,Awareness,2025-08-31,2026-02-04,53565274.52,55+,Leads,Completed
487,Programmable even-keeled implementation 2020,YouTube,Engagement,2025-08-12,2025-11-12,42142574.08,55+,Brand Awareness,Completed
488,Up-sized systemic matrix 2021,,Engagement,2024-12-22,2025-01-26,62529861.54,45-54,App Downloads,Paused
489,Configurable actuating functionalities 2025,Email,Conversion,2025-08-23,2025-11-17,30072914.82,55+,Leads,Active
490,Front-line contextually-based solution 2022,YouTube,Awareness,2025-04-22,,79118622.13,25-34,Leads,Completed
491,Business-focused intangible synergy 2023,Google Ads,Traffic,2024-06-03,2024-08-12,36996245.98,25-34,Sales,Completed
492,Cloned coherent orchestration 2023,Facebook Ads,Conversion,2025-06-03,,75708602.14,18-24,Sales,Paused
493,Triple-buffered asynchronous Graphical User Interface 2021,Instagram,Conversion,2024-10-03,2025-03-10,25270509.39,55+,Sales,Completed
494,Profound reciprocal infrastructure 2020,LinkedIn,Engagement,2024-08-08,2024-12-10,67063928.24,35-44,Leads,Paused
495,Digitized explicit leverage 2021,SMS,Traffic,2024-05-15,2024-06-02,78195507.26,55+,Leads,Active
496,Re-engineered optimal array 2024,Email,Conversion,2025-10-31,2026-01-31,43184550.33,25-34,App Downloads,Completed
497,Team-oriented value-added pricing structure 2022,Telegram,Engagement,2025-06-21,2025-12-11,54205038.86,45-54,App Downloads,Completed
498,Streamlined 5thgeneration firmware 2020,SMS,Awareness,2024-05-19,2024-09-27,27076635.4,18-24,Sales,Active
499,Optimized object-oriented function 2025,SMS,Traffic,2023-12-17,2024-05-23,79697022.11,45-54,App Downloads,Completed
500,Open-architected didactic paradigm 2020,TikTok,Awareness,2025-05-03,2025-08-27,31965811.32,18-24,Brand Awareness,Completed
